"STATION","NAME","DATE","DAPR","MDPR","PRCP","SNOW"
"US1TXGV0018","GALVESTON 6.4 NE, TX US","2023-01-08",,,"1.26",
"US1TXGV0018","GALVESTON 6.4 NE, TX US","2023-01-21",,,"0.24",
"US1TXGV0018","GALVESTON 6.4 NE, TX US","2023-01-22",,,"0.44",
"US1TXGV0018","GALVESTON 6.4 NE, TX US","2023-01-24",,,"0.03",
"US1TXGV0018","GALVESTON 6.4 NE, TX US","2023-01-25",,,"1.08",
"US1TXGV0018","GALVESTON 6.4 NE, TX US","2023-01-29",,,"0.35",
"US1TXGV0018","GALVESTON 6.4 NE, TX US","2023-01-30",,,"0.21",
"US1TXGV0018","GALVESTON 6.4 NE, TX US","2023-01-31",,,"0.05",
"US1TXGV0018","GALVESTON 6.4 NE, TX US","2023-02-01",,,"0.04",
"US1TXGV0018","GALVESTON 6.4 NE, TX US","2023-02-02",,,"0.56",
"US1TXGV0018","GALVESTON 6.4 NE, TX US","2023-02-03",,,"0.01",
"US1TXGV0018","GALVESTON 6.4 NE, TX US","2023-02-09",,,"0.56",
"US1TXGV0018","GALVESTON 6.4 NE, TX US","2023-02-15",,,"0.03",
"US1TXGV0018","GALVESTON 6.4 NE, TX US","2023-02-23",,,"0.05",
"US1TXGV0018","GALVESTON 6.4 NE, TX US","2023-03-17",,,"1.83","0.0"
"US1TXGV0018","GALVESTON 6.4 NE, TX US","2023-03-18",,,"0.24",
"US1TXGV0018","GALVESTON 6.4 NE, TX US","2023-03-19",,,"0.03",
"US1TXGV0018","GALVESTON 6.4 NE, TX US","2023-03-21",,,"0.00",
"US1TXGV0018","GALVESTON 6.4 NE, TX US","2023-03-25",,,"0.06",
"US1TXGV0018","GALVESTON 6.4 NE, TX US","2023-03-27",,,"0.02",
"US1TXGV0018","GALVESTON 6.4 NE, TX US","2023-03-28",,,"0.40",
"US1TXGV0018","GALVESTON 6.4 NE, TX US","2023-04-06",,,"0.08",
"US1TXGV0018","GALVESTON 6.4 NE, TX US","2023-04-07",,,"1.33",
"US1TXGV0018","GALVESTON 6.4 NE, TX US","2023-04-08",,,"0.67",
"US1TXGV0018","GALVESTON 6.4 NE, TX US","2023-04-16",,,"0.04",
"US1TXGV0018","GALVESTON 6.4 NE, TX US","2023-04-21",,,"3.18",
"US1TXGV0018","GALVESTON 6.4 NE, TX US","2023-04-24",,,"0.37","0.0"
"US1TXGV0018","GALVESTON 6.4 NE, TX US","2023-04-25",,,"0.05",
"US1TXGV0018","GALVESTON 6.4 NE, TX US","2023-04-27",,,"0.47",
"US1TXGV0018","GALVESTON 6.4 NE, TX US","2023-04-28",,,"0.29",
"US1TXGV0018","GALVESTON 6.4 NE, TX US","2023-04-29",,,"0.45",
"US1TXGV0018","GALVESTON 6.4 NE, TX US","2023-05-08",,,"0.03","0.0"
"US1TXGV0018","GALVESTON 6.4 NE, TX US","2023-05-10",,,"0.33",
"US1TXGV0018","GALVESTON 6.4 NE, TX US","2023-05-11",,,"1.40",
"US1TXGV0018","GALVESTON 6.4 NE, TX US","2023-05-14",,,"1.83",
"US1TXGV0018","GALVESTON 6.4 NE, TX US","2023-05-15",,,"1.80",
"US1TXGV0018","GALVESTON 6.4 NE, TX US","2023-06-04",,,"0.04",
"US1TXGV0018","GALVESTON 6.4 NE, TX US","2023-06-09",,,"0.89",
"US1TXGV0018","GALVESTON 6.4 NE, TX US","2023-06-11",,,"0.31",
"US1TXGV0018","GALVESTON 6.4 NE, TX US","2023-06-22",,,"0.32",
"US1TXGV0018","GALVESTON 6.4 NE, TX US","2023-07-04",,,"0.09",
"US1TXGV0018","GALVESTON 6.4 NE, TX US","2023-07-06",,,"0.04",
"US1TXGV0018","GALVESTON 6.4 NE, TX US","2023-07-07",,,"0.42",
"US1TXGV0018","GALVESTON 6.4 NE, TX US","2023-07-08",,,"1.16",
"US1TXGV0018","GALVESTON 6.4 NE, TX US","2023-07-23",,,"0.72",
"US1TXGV0018","GALVESTON 6.4 NE, TX US","2023-07-24",,,"0.00",
"US1TXGV0018","GALVESTON 6.4 NE, TX US","2023-07-25",,,"0.11",
"US1TXGV0018","GALVESTON 6.4 NE, TX US","2023-07-27",,,"0.74",
"US1TXGV0018","GALVESTON 6.4 NE, TX US","2023-08-22",,,"0.11",
"US1TXGV0018","GALVESTON 6.4 NE, TX US","2023-08-23",,,"0.03",
"US1TXGV0018","GALVESTON 6.4 NE, TX US","2023-09-05",,,"0.07",
"US1TXGV0018","GALVESTON 6.4 NE, TX US","2023-09-09",,,"0.03",
"US1TXGV0018","GALVESTON 6.4 NE, TX US","2023-09-10",,,"0.02",
"US1TXGV0018","GALVESTON 6.4 NE, TX US","2023-09-14",,,"0.43",
"US1TXGV0018","GALVESTON 6.4 NE, TX US","2023-09-15",,,"0.23",
"US1TXGV0018","GALVESTON 6.4 NE, TX US","2023-09-16",,,"2.13",
"US1TXGV0018","GALVESTON 6.4 NE, TX US","2023-09-26",,,"0.44",
"US1TXGV0018","GALVESTON 6.4 NE, TX US","2023-09-28",,,"0.06",
"US1TXGV0018","GALVESTON 6.4 NE, TX US","2023-09-30",,,"0.02",
"US1TXGV0018","GALVESTON 6.4 NE, TX US","2023-10-03",,,"0.68",
"US1TXGV0018","GALVESTON 6.4 NE, TX US","2023-10-04",,,"1.12",
"US1TXGV0061","GALVESTON 3.6 WSW, TX US","2023-01-01",,,"0.02",
"US1TXGV0061","GALVESTON 3.6 WSW, TX US","2023-01-02",,,"0.00","0.0"
"US1TXGV0061","GALVESTON 3.6 WSW, TX US","2023-01-03",,,"0.00",
"US1TXGV0061","GALVESTON 3.6 WSW, TX US","2023-01-04",,,"0.00","0.0"
"US1TXGV0061","GALVESTON 3.6 WSW, TX US","2023-01-05",,,"0.00","0.0"
"US1TXGV0061","GALVESTON 3.6 WSW, TX US","2023-01-06",,,"0.00","0.0"
"US1TXGV0061","GALVESTON 3.6 WSW, TX US","2023-01-07",,,"0.00","0.0"
"US1TXGV0061","GALVESTON 3.6 WSW, TX US","2023-01-08",,,"1.26",
"US1TXGV0061","GALVESTON 3.6 WSW, TX US","2023-01-09",,,"0.00","0.0"
"US1TXGV0061","GALVESTON 3.6 WSW, TX US","2023-01-10",,,"0.00","0.0"
"US1TXGV0061","GALVESTON 3.6 WSW, TX US","2023-01-11",,,"0.00","0.0"
"US1TXGV0061","GALVESTON 3.6 WSW, TX US","2023-01-12",,,"0.02",
"US1TXGV0061","GALVESTON 3.6 WSW, TX US","2023-01-13",,,"0.00","0.0"
"US1TXGV0061","GALVESTON 3.6 WSW, TX US","2023-01-14",,,"0.00","0.0"
"US1TXGV0061","GALVESTON 3.6 WSW, TX US","2023-01-15",,,"0.00","0.0"
"US1TXGV0061","GALVESTON 3.6 WSW, TX US","2023-01-16",,,"0.00","0.0"
"US1TXGV0061","GALVESTON 3.6 WSW, TX US","2023-01-17",,,"0.02",
"US1TXGV0061","GALVESTON 3.6 WSW, TX US","2023-01-18",,,"0.01",
"US1TXGV0061","GALVESTON 3.6 WSW, TX US","2023-01-19",,,"0.03",
"US1TXGV0061","GALVESTON 3.6 WSW, TX US","2023-01-20",,,"0.00","0.0"
"US1TXGV0061","GALVESTON 3.6 WSW, TX US","2023-01-21",,,"0.18",
"US1TXGV0061","GALVESTON 3.6 WSW, TX US","2023-01-22",,,"0.42",
"US1TXGV0061","GALVESTON 3.6 WSW, TX US","2023-01-23",,,"0.00","0.0"
"US1TXGV0061","GALVESTON 3.6 WSW, TX US","2023-01-24",,,"0.06",
"US1TXGV0061","GALVESTON 3.6 WSW, TX US","2023-01-25",,,"1.03",
"US1TXGV0061","GALVESTON 3.6 WSW, TX US","2023-01-26",,,"0.00",
"US1TXGV0061","GALVESTON 3.6 WSW, TX US","2023-01-27",,,"0.00","0.0"
"US1TXGV0061","GALVESTON 3.6 WSW, TX US","2023-01-28",,,"0.00","0.0"
"US1TXGV0061","GALVESTON 3.6 WSW, TX US","2023-01-29",,,"0.25",
"US1TXGV0061","GALVESTON 3.6 WSW, TX US","2023-01-30",,,"0.33",
"US1TXGV0061","GALVESTON 3.6 WSW, TX US","2023-01-31",,,"0.03",
"US1TXGV0061","GALVESTON 3.6 WSW, TX US","2023-02-01",,,"0.13",
"US1TXGV0061","GALVESTON 3.6 WSW, TX US","2023-02-02",,,"0.61",
"US1TXGV0061","GALVESTON 3.6 WSW, TX US","2023-02-03",,,"0.03",
"US1TXGV0061","GALVESTON 3.6 WSW, TX US","2023-02-04",,,"0.00","0.0"
"US1TXGV0061","GALVESTON 3.6 WSW, TX US","2023-02-05",,,"0.00","0.0"
"US1TXGV0061","GALVESTON 3.6 WSW, TX US","2023-02-06",,,"0.00","0.0"
"US1TXGV0061","GALVESTON 3.6 WSW, TX US","2023-02-07",,,"0.00","0.0"
"US1TXGV0061","GALVESTON 3.6 WSW, TX US","2023-02-08",,,"0.00","0.0"
"US1TXGV0061","GALVESTON 3.6 WSW, TX US","2023-02-09",,,"0.57",
"US1TXGV0061","GALVESTON 3.6 WSW, TX US","2023-02-10",,,"0.00","0.0"
"US1TXGV0061","GALVESTON 3.6 WSW, TX US","2023-02-11",,,"0.00","0.0"
"US1TXGV0061","GALVESTON 3.6 WSW, TX US","2023-02-12",,,"0.00","0.0"
"US1TXGV0061","GALVESTON 3.6 WSW, TX US","2023-02-13",,,"0.00","0.0"
"US1TXGV0061","GALVESTON 3.6 WSW, TX US","2023-02-14",,,"0.00","0.0"
"US1TXGV0061","GALVESTON 3.6 WSW, TX US","2023-02-15",,,"0.02",
"US1TXGV0061","GALVESTON 3.6 WSW, TX US","2023-02-16",,,"0.00","0.0"
"US1TXGV0061","GALVESTON 3.6 WSW, TX US","2023-02-17",,,"0.03",
"US1TXGV0061","GALVESTON 3.6 WSW, TX US","2023-02-18",,,"0.00","0.0"
"US1TXGV0061","GALVESTON 3.6 WSW, TX US","2023-02-19",,,"0.00","0.0"
"US1TXGV0061","GALVESTON 3.6 WSW, TX US","2023-02-20",,,"0.00","0.0"
"US1TXGV0061","GALVESTON 3.6 WSW, TX US","2023-02-21",,,"0.00","0.0"
"US1TXGV0061","GALVESTON 3.6 WSW, TX US","2023-02-22",,,"0.00",
"US1TXGV0061","GALVESTON 3.6 WSW, TX US","2023-02-23",,,"0.05",
"US1TXGV0061","GALVESTON 3.6 WSW, TX US","2023-02-24",,,"0.00","0.0"
"US1TXGV0061","GALVESTON 3.6 WSW, TX US","2023-02-25",,,"0.00","0.0"
"US1TXGV0061","GALVESTON 3.6 WSW, TX US","2023-02-26",,,"0.00","0.0"
"US1TXGV0061","GALVESTON 3.6 WSW, TX US","2023-02-27",,,"0.00","0.0"
"US1TXGV0061","GALVESTON 3.6 WSW, TX US","2023-02-28",,,"0.02",
"US1TXGV0061","GALVESTON 3.6 WSW, TX US","2023-03-01",,,"0.00","0.0"
"US1TXGV0061","GALVESTON 3.6 WSW, TX US","2023-03-02",,,"0.00","0.0"
"US1TXGV0061","GALVESTON 3.6 WSW, TX US","2023-03-03",,,"0.02",
"US1TXGV0061","GALVESTON 3.6 WSW, TX US","2023-03-04",,,"0.00","0.0"
"US1TXGV0061","GALVESTON 3.6 WSW, TX US","2023-03-05",,,"0.00","0.0"
"US1TXGV0061","GALVESTON 3.6 WSW, TX US","2023-03-06",,,"0.00","0.0"
"US1TXGV0061","GALVESTON 3.6 WSW, TX US","2023-03-07",,,"0.00","0.0"
"US1TXGV0061","GALVESTON 3.6 WSW, TX US","2023-03-08",,,"0.00","0.0"
"US1TXGV0061","GALVESTON 3.6 WSW, TX US","2023-03-09",,,"0.00","0.0"
"US1TXGV0061","GALVESTON 3.6 WSW, TX US","2023-03-10",,,"0.00","0.0"
"US1TXGV0061","GALVESTON 3.6 WSW, TX US","2023-03-11",,,"0.00","0.0"
"US1TXGV0061","GALVESTON 3.6 WSW, TX US","2023-03-12",,,"0.00","0.0"
"US1TXGV0061","GALVESTON 3.6 WSW, TX US","2023-03-13",,,"0.00","0.0"
"US1TXGV0061","GALVESTON 3.6 WSW, TX US","2023-03-14",,,"0.00","0.0"
"US1TXGV0061","GALVESTON 3.6 WSW, TX US","2023-03-15",,,"0.00",
"US1TXGV0061","GALVESTON 3.6 WSW, TX US","2023-03-16",,,"0.00","0.0"
"US1TXGV0061","GALVESTON 3.6 WSW, TX US","2023-03-17",,,"1.49",
"US1TXGV0061","GALVESTON 3.6 WSW, TX US","2023-03-18",,,"0.20",
"US1TXGV0061","GALVESTON 3.6 WSW, TX US","2023-03-19",,,"0.02",
"US1TXGV0061","GALVESTON 3.6 WSW, TX US","2023-03-20",,,"0.00","0.0"
"US1TXGV0061","GALVESTON 3.6 WSW, TX US","2023-03-21",,,"0.00","0.0"
"US1TXGV0061","GALVESTON 3.6 WSW, TX US","2023-03-22",,,"0.00","0.0"
"US1TXGV0061","GALVESTON 3.6 WSW, TX US","2023-03-23",,,"0.00","0.0"
"US1TXGV0061","GALVESTON 3.6 WSW, TX US","2023-03-24",,,"0.00","0.0"
"US1TXGV0061","GALVESTON 3.6 WSW, TX US","2023-03-25",,,"0.03",
"US1TXGV0061","GALVESTON 3.6 WSW, TX US","2023-03-26",,,"0.01",
"US1TXGV0061","GALVESTON 3.6 WSW, TX US","2023-03-27",,,"0.03",
"US1TXGV0061","GALVESTON 3.6 WSW, TX US","2023-03-28",,,"0.40",
"US1TXGV0061","GALVESTON 3.6 WSW, TX US","2023-03-29",,,"0.02",
"US1TXGV0061","GALVESTON 3.6 WSW, TX US","2023-03-30",,,"0.00","0.0"
"US1TXGV0061","GALVESTON 3.6 WSW, TX US","2023-03-31",,,"0.00","0.0"
"US1TXGV0061","GALVESTON 3.6 WSW, TX US","2023-04-01",,,"0.00","0.0"
"US1TXGV0061","GALVESTON 3.6 WSW, TX US","2023-04-02",,,"0.00",
"US1TXGV0061","GALVESTON 3.6 WSW, TX US","2023-04-03",,,"0.00","0.0"
"US1TXGV0061","GALVESTON 3.6 WSW, TX US","2023-04-04",,,"0.00",
"US1TXGV0061","GALVESTON 3.6 WSW, TX US","2023-04-05",,,"0.00","0.0"
"US1TXGV0061","GALVESTON 3.6 WSW, TX US","2023-04-06",,,"0.08",
"US1TXGV0061","GALVESTON 3.6 WSW, TX US","2023-04-07",,,"0.98",
"US1TXGV0061","GALVESTON 3.6 WSW, TX US","2023-04-08",,,"0.56",
"US1TXGV0061","GALVESTON 3.6 WSW, TX US","2023-04-09",,,"0.00",
"US1TXGV0061","GALVESTON 3.6 WSW, TX US","2023-04-10",,,"0.00","0.0"
"US1TXGV0061","GALVESTON 3.6 WSW, TX US","2023-04-11",,,"0.02",
"US1TXGV0061","GALVESTON 3.6 WSW, TX US","2023-04-12",,,"0.00","0.0"
"US1TXGV0061","GALVESTON 3.6 WSW, TX US","2023-04-13",,,"0.00","0.0"
"US1TXGV0061","GALVESTON 3.6 WSW, TX US","2023-04-14",,,"0.00","0.0"
"US1TXGV0061","GALVESTON 3.6 WSW, TX US","2023-04-15",,,"0.00","0.0"
"US1TXGV0061","GALVESTON 3.6 WSW, TX US","2023-04-16",,,"0.00","0.0"
"US1TXGV0061","GALVESTON 3.6 WSW, TX US","2023-04-17",,,"0.00","0.0"
"US1TXGV0061","GALVESTON 3.6 WSW, TX US","2023-04-18",,,"0.00",
"US1TXGV0061","GALVESTON 3.6 WSW, TX US","2023-04-19",,,"0.02",
"US1TXGV0061","GALVESTON 3.6 WSW, TX US","2023-04-20",,,"0.00","0.0"
"US1TXGV0061","GALVESTON 3.6 WSW, TX US","2023-04-21",,,"1.73",
"US1TXGV0061","GALVESTON 3.6 WSW, TX US","2023-04-22",,,"0.00","0.0"
"US1TXGV0061","GALVESTON 3.6 WSW, TX US","2023-04-23",,,"0.00","0.0"
"US1TXGV0061","GALVESTON 3.6 WSW, TX US","2023-04-24",,,"0.50",
"US1TXGV0061","GALVESTON 3.6 WSW, TX US","2023-04-25",,,"0.05",
"US1TXGV0061","GALVESTON 3.6 WSW, TX US","2023-04-26",,,"0.00","0.0"
"US1TXGV0061","GALVESTON 3.6 WSW, TX US","2023-04-27",,,"0.72",
"US1TXGV0061","GALVESTON 3.6 WSW, TX US","2023-09-28",,,"0.00","0.0"
"US1TXGV0061","GALVESTON 3.6 WSW, TX US","2023-09-29",,,"0.05",
"US1TXGV0061","GALVESTON 3.6 WSW, TX US","2023-09-30",,,"0.20",
"US1TXGV0061","GALVESTON 3.6 WSW, TX US","2023-10-01",,,"0.02",
"US1TXGV0061","GALVESTON 3.6 WSW, TX US","2023-10-02",,,"0.00","0.0"
"US1TXGV0061","GALVESTON 3.6 WSW, TX US","2023-10-03",,,"0.49",
"US1TXGV0061","GALVESTON 3.6 WSW, TX US","2023-10-04",,,"0.64",
"US1TXGV0061","GALVESTON 3.6 WSW, TX US","2023-10-05",,,"0.03",
"US1TXGV0062","GALVESTON 5.6 NE, TX US","2023-01-08","   28","6.70",,
"US1TXGV0062","GALVESTON 5.6 NE, TX US","2023-01-09",,,"0.02",
"US1TXGV0062","GALVESTON 5.6 NE, TX US","2023-01-10",,,"0.00","0.0"
"US1TXGV0062","GALVESTON 5.6 NE, TX US","2023-01-11",,,"0.01","0.0"
"US1TXGV0062","GALVESTON 5.6 NE, TX US","2023-01-12",,,"0.00","0.0"
"US1TXGV0062","GALVESTON 5.6 NE, TX US","2023-01-13",,,"0.00","0.0"
"US1TXGV0062","GALVESTON 5.6 NE, TX US","2023-01-14",,,"0.00","0.0"
"US1TXGV0062","GALVESTON 5.6 NE, TX US","2023-01-15",,,"0.00","0.0"
"US1TXGV0062","GALVESTON 5.6 NE, TX US","2023-01-16",,,"0.00","0.0"
"US1TXGV0062","GALVESTON 5.6 NE, TX US","2023-01-17",,,"0.02",
"US1TXGV0062","GALVESTON 5.6 NE, TX US","2023-01-18",,,"0.00","0.0"
"US1TXGV0062","GALVESTON 5.6 NE, TX US","2023-01-19",,,"0.00","0.0"
"US1TXGV0062","GALVESTON 5.6 NE, TX US","2023-01-20",,,"0.00","0.0"
"US1TXGV0062","GALVESTON 5.6 NE, TX US","2023-01-21",,,"0.17",
"US1TXGV0062","GALVESTON 5.6 NE, TX US","2023-01-22",,,"0.29",
"US1TXGV0062","GALVESTON 5.6 NE, TX US","2023-01-23",,,"0.02",
"US1TXGV0062","GALVESTON 5.6 NE, TX US","2023-01-24",,,"0.03",
"US1TXGV0062","GALVESTON 5.6 NE, TX US","2023-01-25",,,"0.58",
"US1TXGV0062","GALVESTON 5.6 NE, TX US","2023-01-26",,,"0.02",
"US1TXGV0062","GALVESTON 5.6 NE, TX US","2023-01-27",,,"0.00","0.0"
"US1TXGV0062","GALVESTON 5.6 NE, TX US","2023-01-28",,,"0.00","0.0"
"US1TXGV0062","GALVESTON 5.6 NE, TX US","2023-01-29",,,"0.47",
"US1TXGV0062","GALVESTON 5.6 NE, TX US","2023-01-30",,,"0.17",
"US1TXGV0062","GALVESTON 5.6 NE, TX US","2023-01-31",,,"0.04",
"US1TXGV0062","GALVESTON 5.6 NE, TX US","2023-02-01",,,"0.08",
"US1TXGV0062","GALVESTON 5.6 NE, TX US","2023-02-02",,,"0.49",
"US1TXGV0062","GALVESTON 5.6 NE, TX US","2023-02-03",,,"0.02",
"US1TXGV0062","GALVESTON 5.6 NE, TX US","2023-02-04",,,"0.00","0.0"
"US1TXGV0062","GALVESTON 5.6 NE, TX US","2023-02-05",,,"0.00","0.0"
"US1TXGV0062","GALVESTON 5.6 NE, TX US","2023-02-06",,,"0.00","0.0"
"US1TXGV0062","GALVESTON 5.6 NE, TX US","2023-02-07",,,"0.00","0.0"
"US1TXGV0062","GALVESTON 5.6 NE, TX US","2023-02-08",,,"0.00","0.0"
"US1TXGV0062","GALVESTON 5.6 NE, TX US","2023-02-09",,,"0.45",
"US1TXGV0062","GALVESTON 5.6 NE, TX US","2023-02-10",,,"0.02",
"US1TXGV0062","GALVESTON 5.6 NE, TX US","2023-02-11",,,"0.00","0.0"
"US1TXGV0062","GALVESTON 5.6 NE, TX US","2023-02-12",,,"0.00","0.0"
"US1TXGV0062","GALVESTON 5.6 NE, TX US","2023-02-13",,,"0.00","0.0"
"US1TXGV0062","GALVESTON 5.6 NE, TX US","2023-02-14",,,"0.00","0.0"
"US1TXGV0062","GALVESTON 5.6 NE, TX US","2023-02-15",,,"0.03",
"US1TXGV0062","GALVESTON 5.6 NE, TX US","2023-02-16",,,"0.00",
"US1TXGV0062","GALVESTON 5.6 NE, TX US","2023-02-17",,,"0.05",
"US1TXGV0062","GALVESTON 5.6 NE, TX US","2023-02-18",,,"0.01",
"US1TXGV0062","GALVESTON 5.6 NE, TX US","2023-02-19",,,"0.00","0.0"
"US1TXGV0062","GALVESTON 5.6 NE, TX US","2023-02-20",,,"0.00",
"US1TXGV0062","GALVESTON 5.6 NE, TX US","2023-02-21",,,"0.00","0.0"
"US1TXGV0062","GALVESTON 5.6 NE, TX US","2023-02-22",,,"0.00","0.0"
"US1TXGV0062","GALVESTON 5.6 NE, TX US","2023-02-23",,,"0.00","0.0"
"US1TXGV0062","GALVESTON 5.6 NE, TX US","2023-02-24",,,"0.00","0.0"
"US1TXGV0062","GALVESTON 5.6 NE, TX US","2023-02-25",,,"0.01","0.0"
"US1TXGV0062","GALVESTON 5.6 NE, TX US","2023-02-27",,,"0.00","0.0"
"US1TXGV0062","GALVESTON 5.6 NE, TX US","2023-02-28",,,"0.00","0.0"
"US1TXGV0062","GALVESTON 5.6 NE, TX US","2023-03-01",,,"0.00","0.0"
"US1TXGV0062","GALVESTON 5.6 NE, TX US","2023-03-02",,,"0.00","0.0"
"US1TXGV0062","GALVESTON 5.6 NE, TX US","2023-03-03",,,"0.00","0.0"
"US1TXGV0062","GALVESTON 5.6 NE, TX US","2023-03-04",,,"0.00","0.0"
"US1TXGV0062","GALVESTON 5.6 NE, TX US","2023-03-05",,,"0.00","0.0"
"US1TXGV0062","GALVESTON 5.6 NE, TX US","2023-03-06",,,"0.00","0.0"
"US1TXGV0062","GALVESTON 5.6 NE, TX US","2023-03-07",,,"0.00","0.0"
"US1TXGV0062","GALVESTON 5.6 NE, TX US","2023-03-08",,,"0.00","0.0"
"US1TXGV0062","GALVESTON 5.6 NE, TX US","2023-03-09",,,"0.00","0.0"
"US1TXGV0062","GALVESTON 5.6 NE, TX US","2023-03-10",,,"0.00","0.0"
"US1TXGV0062","GALVESTON 5.6 NE, TX US","2023-03-11",,,"0.00","0.0"
"US1TXGV0062","GALVESTON 5.6 NE, TX US","2023-03-12",,,"0.00","0.0"
"US1TXGV0062","GALVESTON 5.6 NE, TX US","2023-03-13",,,"0.00","0.0"
"US1TXGV0062","GALVESTON 5.6 NE, TX US","2023-03-14",,,"0.00","0.0"
"US1TXGV0062","GALVESTON 5.6 NE, TX US","2023-03-15",,,"0.00","0.0"
"US1TXGV0062","GALVESTON 5.6 NE, TX US","2023-03-16",,,"0.00","0.0"
"US1TXGV0062","GALVESTON 5.6 NE, TX US","2023-03-17",,,"1.01",
"US1TXGV0062","GALVESTON 5.6 NE, TX US","2023-03-18",,,"0.17",
"US1TXGV0062","GALVESTON 5.6 NE, TX US","2023-03-19",,,"0.03",
"US1TXGV0062","GALVESTON 5.6 NE, TX US","2023-03-20",,,"0.02",
"US1TXGV0062","GALVESTON 5.6 NE, TX US","2023-03-21",,,"0.00","0.0"
"US1TXGV0062","GALVESTON 5.6 NE, TX US","2023-03-22",,,"0.00","0.0"
"US1TXGV0062","GALVESTON 5.6 NE, TX US","2023-03-23",,,"0.00","0.0"
"US1TXGV0062","GALVESTON 5.6 NE, TX US","2023-03-24",,,"0.00","0.0"
"US1TXGV0062","GALVESTON 5.6 NE, TX US","2023-03-25",,,"0.07",
"US1TXGV0062","GALVESTON 5.6 NE, TX US","2023-03-26",,,"0.00",
"US1TXGV0062","GALVESTON 5.6 NE, TX US","2023-03-27",,,"0.00",
"US1TXGV0062","GALVESTON 5.6 NE, TX US","2023-03-28",,,"0.29",
"US1TXGV0062","GALVESTON 5.6 NE, TX US","2023-03-29",,,"0.00","0.0"
"US1TXGV0062","GALVESTON 5.6 NE, TX US","2023-03-31",,,"0.00",
"US1TXGV0062","GALVESTON 5.6 NE, TX US","2023-04-01",,,"0.00","0.0"
"US1TXGV0062","GALVESTON 5.6 NE, TX US","2023-04-02",,,"0.00","0.0"
"US1TXGV0062","GALVESTON 5.6 NE, TX US","2023-04-03",,,"0.00","0.0"
"US1TXGV0062","GALVESTON 5.6 NE, TX US","2023-04-04",,,"0.00","0.0"
"US1TXGV0062","GALVESTON 5.6 NE, TX US","2023-04-05",,,"0.00","0.0"
"US1TXGV0062","GALVESTON 5.6 NE, TX US","2023-04-06",,,"0.04",
"US1TXGV0062","GALVESTON 5.6 NE, TX US","2023-04-07",,,"1.00",
"US1TXGV0062","GALVESTON 5.6 NE, TX US","2023-04-08",,,"0.40",
"US1TXGV0062","GALVESTON 5.6 NE, TX US","2023-04-09",,,"0.00","0.0"
"US1TXGV0062","GALVESTON 5.6 NE, TX US","2023-04-10",,,"0.00","0.0"
"US1TXGV0062","GALVESTON 5.6 NE, TX US","2023-04-11",,,"0.00","0.0"
"US1TXGV0062","GALVESTON 5.6 NE, TX US","2023-04-12",,,"0.00","0.0"
"US1TXGV0062","GALVESTON 5.6 NE, TX US","2023-04-13",,,"0.00","0.0"
"US1TXGV0062","GALVESTON 5.6 NE, TX US","2023-04-14",,,"0.00","0.0"
"US1TXGV0062","GALVESTON 5.6 NE, TX US","2023-04-19","    5","0.03",,
"US1TXGV0062","GALVESTON 5.6 NE, TX US","2023-04-20",,,"0.00","0.0"
"US1TXGV0062","GALVESTON 5.6 NE, TX US","2023-04-21",,,"2.37",
"US1TXGV0062","GALVESTON 5.6 NE, TX US","2023-04-22",,,"0.02",
"US1TXGV0062","GALVESTON 5.6 NE, TX US","2023-04-23",,,"0.00","0.0"
"US1TXGV0062","GALVESTON 5.6 NE, TX US","2023-04-24",,,"0.34",
"US1TXGV0062","GALVESTON 5.6 NE, TX US","2023-04-25",,,"0.05",
"US1TXGV0062","GALVESTON 5.6 NE, TX US","2023-04-26",,,"0.00","0.0"
"US1TXGV0062","GALVESTON 5.6 NE, TX US","2023-04-27",,,"0.27",
"US1TXGV0062","GALVESTON 5.6 NE, TX US","2023-04-28",,,"0.17",
"US1TXGV0062","GALVESTON 5.6 NE, TX US","2023-04-29",,,"0.40",
"US1TXGV0062","GALVESTON 5.6 NE, TX US","2023-04-30",,,"0.02",
"US1TXGV0062","GALVESTON 5.6 NE, TX US","2023-05-01",,,"0.00","0.0"
"US1TXGV0062","GALVESTON 5.6 NE, TX US","2023-05-02",,,"0.00","0.0"
"US1TXGV0062","GALVESTON 5.6 NE, TX US","2023-05-03",,,"0.00","0.0"
"US1TXGV0062","GALVESTON 5.6 NE, TX US","2023-05-04",,,"0.00","0.0"
"US1TXGV0062","GALVESTON 5.6 NE, TX US","2023-05-05",,,"0.00","0.0"
"US1TXGV0062","GALVESTON 5.6 NE, TX US","2023-05-06",,,"0.00","0.0"
"US1TXGV0062","GALVESTON 5.6 NE, TX US","2023-05-07",,,"0.00","0.0"
"US1TXGV0062","GALVESTON 5.6 NE, TX US","2023-05-08",,,"0.02",
"US1TXGV0062","GALVESTON 5.6 NE, TX US","2023-05-09",,,"0.00","0.0"
"US1TXGV0062","GALVESTON 5.6 NE, TX US","2023-05-10",,,"0.23",
"US1TXGV0062","GALVESTON 5.6 NE, TX US","2023-05-11",,,"1.11",
"US1TXGV0062","GALVESTON 5.6 NE, TX US","2023-05-12",,,"0.02",
"US1TXGV0062","GALVESTON 5.6 NE, TX US","2023-05-13",,,"0.00","0.0"
"US1TXGV0062","GALVESTON 5.6 NE, TX US","2023-05-14",,,"0.00","0.0"
"US1TXGV0062","GALVESTON 5.6 NE, TX US","2023-05-15",,,"1.96",
"US1TXGV0062","GALVESTON 5.6 NE, TX US","2023-05-16",,,"0.00","0.0"
"US1TXGV0062","GALVESTON 5.6 NE, TX US","2023-05-17",,,"0.08",
"US1TXGV0062","GALVESTON 5.6 NE, TX US","2023-05-18",,,"0.92",
"US1TXGV0062","GALVESTON 5.6 NE, TX US","2023-05-19",,,"0.01",
"US1TXGV0062","GALVESTON 5.6 NE, TX US","2023-05-20",,,"0.02","0.0"
"US1TXGV0062","GALVESTON 5.6 NE, TX US","2023-05-21",,,"0.00","0.0"
"US1TXGV0062","GALVESTON 5.6 NE, TX US","2023-05-22",,,"0.00","0.0"
"US1TXGV0062","GALVESTON 5.6 NE, TX US","2023-05-23",,,"0.00","0.0"
"US1TXGV0062","GALVESTON 5.6 NE, TX US","2023-05-24",,,"0.00","0.0"
"US1TXGV0062","GALVESTON 5.6 NE, TX US","2023-05-25",,,"0.00","0.0"
"US1TXGV0062","GALVESTON 5.6 NE, TX US","2023-05-26",,,"0.00","0.0"
"US1TXGV0062","GALVESTON 5.6 NE, TX US","2023-05-27",,,"0.00","0.0"
"US1TXGV0062","GALVESTON 5.6 NE, TX US","2023-05-28",,,"0.00","0.0"
"US1TXGV0062","GALVESTON 5.6 NE, TX US","2023-05-29",,,"0.00","0.0"
"US1TXGV0062","GALVESTON 5.6 NE, TX US","2023-05-30",,,"0.00","0.0"
"US1TXGV0062","GALVESTON 5.6 NE, TX US","2023-05-31",,,"0.00","0.0"
"US1TXGV0062","GALVESTON 5.6 NE, TX US","2023-06-01",,,"0.00","0.0"
"US1TXGV0062","GALVESTON 5.6 NE, TX US","2023-06-02",,,"0.00","0.0"
"US1TXGV0062","GALVESTON 5.6 NE, TX US","2023-06-03",,,"0.00","0.0"
"US1TXGV0062","GALVESTON 5.6 NE, TX US","2023-06-04",,,"0.08",
"US1TXGV0062","GALVESTON 5.6 NE, TX US","2023-06-05",,,"0.01",
"US1TXGV0062","GALVESTON 5.6 NE, TX US","2023-06-06",,,"0.05",
"US1TXGV0062","GALVESTON 5.6 NE, TX US","2023-06-07",,,"0.00","0.0"
"US1TXGV0062","GALVESTON 5.6 NE, TX US","2023-06-08",,,"0.00","0.0"
"US1TXGV0062","GALVESTON 5.6 NE, TX US","2023-06-09",,,"0.55",
"US1TXGV0062","GALVESTON 5.6 NE, TX US","2023-06-10",,,"0.01",
"US1TXGV0062","GALVESTON 5.6 NE, TX US","2023-06-11",,,"0.17",
"US1TXGV0062","GALVESTON 5.6 NE, TX US","2023-06-12",,,"0.00","0.0"
"US1TXGV0062","GALVESTON 5.6 NE, TX US","2023-06-13",,,"0.00","0.0"
"US1TXGV0062","GALVESTON 5.6 NE, TX US","2023-06-14",,,"0.00","0.0"
"US1TXGV0062","GALVESTON 5.6 NE, TX US","2023-06-15",,,"0.00","0.0"
"US1TXGV0062","GALVESTON 5.6 NE, TX US","2023-06-16",,,"0.00","0.0"
"US1TXGV0062","GALVESTON 5.6 NE, TX US","2023-06-17",,,"0.00","0.0"
"US1TXGV0062","GALVESTON 5.6 NE, TX US","2023-06-18",,,"0.00","0.0"
"US1TXGV0062","GALVESTON 5.6 NE, TX US","2023-06-19",,,"0.00","0.0"
"US1TXGV0062","GALVESTON 5.6 NE, TX US","2023-06-20",,,"0.00","0.0"
"US1TXGV0062","GALVESTON 5.6 NE, TX US","2023-06-21",,,"0.00","0.0"
"US1TXGV0062","GALVESTON 5.6 NE, TX US","2023-06-22",,,"0.10",
"US1TXGV0062","GALVESTON 5.6 NE, TX US","2023-06-23",,,"0.00","0.0"
"US1TXGV0062","GALVESTON 5.6 NE, TX US","2023-06-24",,,"0.01",
"US1TXGV0062","GALVESTON 5.6 NE, TX US","2023-06-25",,,"0.00","0.0"
"US1TXGV0062","GALVESTON 5.6 NE, TX US","2023-06-26",,,"0.00","0.0"
"US1TXGV0062","GALVESTON 5.6 NE, TX US","2023-06-27",,,"0.00","0.0"
"US1TXGV0062","GALVESTON 5.6 NE, TX US","2023-06-28",,,"0.00","0.0"
"US1TXGV0062","GALVESTON 5.6 NE, TX US","2023-06-29",,,"0.00","0.0"
"US1TXGV0062","GALVESTON 5.6 NE, TX US","2023-06-30",,,"0.00","0.0"
"US1TXGV0062","GALVESTON 5.6 NE, TX US","2023-07-01",,,"0.00","0.0"
"US1TXGV0062","GALVESTON 5.6 NE, TX US","2023-07-02",,,"0.00","0.0"
"US1TXGV0062","GALVESTON 5.6 NE, TX US","2023-07-03",,,"0.00","0.0"
"US1TXGV0062","GALVESTON 5.6 NE, TX US","2023-07-04",,,"0.07",
"US1TXGV0062","GALVESTON 5.6 NE, TX US","2023-07-05",,,"0.00","0.0"
"US1TXGV0062","GALVESTON 5.6 NE, TX US","2023-07-06",,,"0.03",
"US1TXGV0062","GALVESTON 5.6 NE, TX US","2023-07-07",,,"0.22",
"US1TXGV0062","GALVESTON 5.6 NE, TX US","2023-07-08",,,"0.90",
"US1TXGV0062","GALVESTON 5.6 NE, TX US","2023-07-09",,,"0.01",
"US1TXGV0062","GALVESTON 5.6 NE, TX US","2023-07-11",,,"0.00","0.0"
"US1TXGV0062","GALVESTON 5.6 NE, TX US","2023-07-12",,,"0.00","0.0"
"US1TXGV0062","GALVESTON 5.6 NE, TX US","2023-07-13",,,"0.00","0.0"
"US1TXGV0062","GALVESTON 5.6 NE, TX US","2023-07-14",,,"0.00","0.0"
"US1TXGV0062","GALVESTON 5.6 NE, TX US","2023-07-15",,,"0.00","0.0"
"US1TXGV0062","GALVESTON 5.6 NE, TX US","2023-07-16",,,"0.00","0.0"
"US1TXGV0062","GALVESTON 5.6 NE, TX US","2023-07-17",,,"0.00","0.0"
"US1TXGV0062","GALVESTON 5.6 NE, TX US","2023-07-18",,,"0.00","0.0"
"US1TXGV0062","GALVESTON 5.6 NE, TX US","2023-07-19",,,"0.00","0.0"
"US1TXGV0062","GALVESTON 5.6 NE, TX US","2023-07-20",,,"0.00","0.0"
"US1TXGV0062","GALVESTON 5.6 NE, TX US","2023-07-23",,,"0.80",
"US1TXGV0062","GALVESTON 5.6 NE, TX US","2023-07-24",,,"0.02",
"US1TXGV0062","GALVESTON 5.6 NE, TX US","2023-07-25",,,"0.01",
"US1TXGV0062","GALVESTON 5.6 NE, TX US","2023-07-26",,,"0.00","0.0"
"US1TXGV0062","GALVESTON 5.6 NE, TX US","2023-07-27",,,"0.61",
"US1TXGV0062","GALVESTON 5.6 NE, TX US","2023-07-28",,,"0.00","0.0"
"US1TXGV0062","GALVESTON 5.6 NE, TX US","2023-07-29",,,"0.00","0.0"
"US1TXGV0062","GALVESTON 5.6 NE, TX US","2023-07-30",,,"0.00","0.0"
"US1TXGV0062","GALVESTON 5.6 NE, TX US","2023-07-31",,,"0.00","0.0"
"US1TXGV0062","GALVESTON 5.6 NE, TX US","2023-08-01",,,"0.00","0.0"
"US1TXGV0062","GALVESTON 5.6 NE, TX US","2023-08-02",,,"0.00","0.0"
"US1TXGV0062","GALVESTON 5.6 NE, TX US","2023-08-03",,,"0.00","0.0"
"US1TXGV0062","GALVESTON 5.6 NE, TX US","2023-08-04",,,"0.00","0.0"
"US1TXGV0062","GALVESTON 5.6 NE, TX US","2023-08-05",,,"0.00","0.0"
"US1TXGV0062","GALVESTON 5.6 NE, TX US","2023-08-06",,,"0.00","0.0"
"US1TXGV0062","GALVESTON 5.6 NE, TX US","2023-08-07",,,"0.00","0.0"
"US1TXGV0062","GALVESTON 5.6 NE, TX US","2023-08-08",,,"0.00","0.0"
"US1TXGV0062","GALVESTON 5.6 NE, TX US","2023-08-09",,,"0.00","0.0"
"US1TXGV0062","GALVESTON 5.6 NE, TX US","2023-08-10",,,"0.00","0.0"
"US1TXGV0062","GALVESTON 5.6 NE, TX US","2023-08-11",,,"0.00","0.0"
"US1TXGV0062","GALVESTON 5.6 NE, TX US","2023-08-12",,,"0.00","0.0"
"US1TXGV0062","GALVESTON 5.6 NE, TX US","2023-08-13",,,"0.00","0.0"
"US1TXGV0062","GALVESTON 5.6 NE, TX US","2023-08-14",,,"0.00","0.0"
"US1TXGV0062","GALVESTON 5.6 NE, TX US","2023-08-15",,,"0.00","0.0"
"US1TXGV0062","GALVESTON 5.6 NE, TX US","2023-08-17",,,"0.00","0.0"
"US1TXGV0062","GALVESTON 5.6 NE, TX US","2023-08-18",,,"0.00","0.0"
"US1TXGV0062","GALVESTON 5.6 NE, TX US","2023-08-19",,,"0.00","0.0"
"US1TXGV0062","GALVESTON 5.6 NE, TX US","2023-08-20",,,"0.00","0.0"
"US1TXGV0062","GALVESTON 5.6 NE, TX US","2023-08-21",,,"0.00","0.0"
"US1TXGV0062","GALVESTON 5.6 NE, TX US","2023-08-22",,,"0.08",
"US1TXGV0062","GALVESTON 5.6 NE, TX US","2023-08-23",,,"0.00","0.0"
"US1TXGV0062","GALVESTON 5.6 NE, TX US","2023-08-24",,,"0.00","0.0"
"US1TXGV0062","GALVESTON 5.6 NE, TX US","2023-08-25",,,"0.00","0.0"
"US1TXGV0062","GALVESTON 5.6 NE, TX US","2023-08-26",,,"0.00","0.0"
"US1TXGV0062","GALVESTON 5.6 NE, TX US","2023-08-27",,,"0.00","0.0"
"US1TXGV0062","GALVESTON 5.6 NE, TX US","2023-08-28",,,"0.00","0.0"
"US1TXGV0062","GALVESTON 5.6 NE, TX US","2023-08-29",,,"0.00","0.0"
"US1TXGV0062","GALVESTON 5.6 NE, TX US","2023-08-30",,,"0.00","0.0"
"US1TXGV0062","GALVESTON 5.6 NE, TX US","2023-08-31",,,"0.00","0.0"
"US1TXGV0062","GALVESTON 5.6 NE, TX US","2023-09-01",,,"0.00","0.0"
"US1TXGV0062","GALVESTON 5.6 NE, TX US","2023-09-02",,,"0.00","0.0"
"US1TXGV0062","GALVESTON 5.6 NE, TX US","2023-09-03",,,"0.00","0.0"
"US1TXGV0062","GALVESTON 5.6 NE, TX US","2023-09-04",,,"0.00","0.0"
"US1TXGV0062","GALVESTON 5.6 NE, TX US","2023-09-05",,,"0.10",
"US1TXGV0062","GALVESTON 5.6 NE, TX US","2023-09-06",,,"0.05",
"US1TXGV0062","GALVESTON 5.6 NE, TX US","2023-09-07",,,"0.00","0.0"
"US1TXGV0062","GALVESTON 5.6 NE, TX US","2023-09-08",,,"0.00","0.0"
"US1TXGV0062","GALVESTON 5.6 NE, TX US","2023-09-09",,,"0.10",
"US1TXGV0062","GALVESTON 5.6 NE, TX US","2023-09-10",,,"0.03",
"US1TXGV0062","GALVESTON 5.6 NE, TX US","2023-09-17","    7","2.67",,
"US1TXGV0062","GALVESTON 5.6 NE, TX US","2023-09-18",,,"0.00","0.0"
"US1TXGV0062","GALVESTON 5.6 NE, TX US","2023-09-19",,,"0.00","0.0"
"US1TXGV0062","GALVESTON 5.6 NE, TX US","2023-09-20",,,"0.00","0.0"
"US1TXGV0062","GALVESTON 5.6 NE, TX US","2023-09-21",,,"0.00","0.0"
"US1TXGV0062","GALVESTON 5.6 NE, TX US","2023-09-22",,,"0.00","0.0"
"US1TXGV0062","GALVESTON 5.6 NE, TX US","2023-09-23",,,"0.02",
"US1TXGV0062","GALVESTON 5.6 NE, TX US","2023-09-26",,,"0.18",
"US1TXGV0062","GALVESTON 5.6 NE, TX US","2023-09-27",,,"0.00","0.0"
"US1TXGV0062","GALVESTON 5.6 NE, TX US","2023-09-28",,,"0.44",
"US1TXGV0062","GALVESTON 5.6 NE, TX US","2023-09-29",,,"0.03",
"US1TXGV0062","GALVESTON 5.6 NE, TX US","2023-09-30",,,"0.11",
"US1TXGV0062","GALVESTON 5.6 NE, TX US","2023-10-01",,,"0.00","0.0"
"US1TXGV0062","GALVESTON 5.6 NE, TX US","2023-10-02",,,"0.00",
"US1TXGV0062","GALVESTON 5.6 NE, TX US","2023-10-03",,,"0.58",
"US1TXGV0062","GALVESTON 5.6 NE, TX US","2023-10-04",,,"0.83",
"US1TXGV0062","GALVESTON 5.6 NE, TX US","2023-10-05",,,"0.03",
"US1TXGV0073","GALVESTON 8.3 NE, TX US","2023-01-03",,,"0.02",
"US1TXGV0073","GALVESTON 8.3 NE, TX US","2023-01-05",,,"0.01",
"US1TXGV0073","GALVESTON 8.3 NE, TX US","2023-01-06",,,"0.01",
"US1TXGV0073","GALVESTON 8.3 NE, TX US","2023-01-08",,,"1.00",
"US1TXGV0073","GALVESTON 8.3 NE, TX US","2023-01-09",,,"0.01",
"US1TXGV0073","GALVESTON 8.3 NE, TX US","2023-01-10",,,"0.01",
"US1TXGV0073","GALVESTON 8.3 NE, TX US","2023-01-11",,,"0.01",
"US1TXGV0073","GALVESTON 8.3 NE, TX US","2023-01-15",,,"0.00","0.0"
"US1TXGV0073","GALVESTON 8.3 NE, TX US","2023-01-16",,,"0.00","0.0"
"US1TXGV0073","GALVESTON 8.3 NE, TX US","2023-01-17",,,"0.01",
"US1TXGV0073","GALVESTON 8.3 NE, TX US","2023-01-18",,,"0.00","0.0"
"US1TXGV0073","GALVESTON 8.3 NE, TX US","2023-01-20",,,"0.03",
"US1TXGV0073","GALVESTON 8.3 NE, TX US","2023-01-21",,,"0.20",
"US1TXGV0073","GALVESTON 8.3 NE, TX US","2023-01-22",,,"0.01",
"US1TXGV0073","GALVESTON 8.3 NE, TX US","2023-01-24",,,"0.03",
"US1TXGV0073","GALVESTON 8.3 NE, TX US","2023-01-25",,,"1.56",
"US1TXGV0073","GALVESTON 8.3 NE, TX US","2023-01-26",,,"0.01",
"US1TXGV0073","GALVESTON 8.3 NE, TX US","2023-01-29",,,"0.41",
"US1TXGV0073","GALVESTON 8.3 NE, TX US","2023-01-30",,,"0.03",
"US1TXGV0073","GALVESTON 8.3 NE, TX US","2023-02-02",,,"0.05",
"US1TXGV0073","GALVESTON 8.3 NE, TX US","2023-02-04",,,"0.01",
"US1TXGV0073","GALVESTON 8.3 NE, TX US","2023-02-06",,,"0.01",
"US1TXGV0073","GALVESTON 8.3 NE, TX US","2023-02-10",,,"0.01",
"US1TXGV0073","GALVESTON 8.3 NE, TX US","2023-02-11",,,"0.00","0.0"
"US1TXGV0073","GALVESTON 8.3 NE, TX US","2023-02-13",,,"0.00","0.0"
"US1TXGV0073","GALVESTON 8.3 NE, TX US","2023-02-14",,,"0.00","0.0"
"US1TXGV0073","GALVESTON 8.3 NE, TX US","2023-02-15",,,"0.03",
"US1TXGV0073","GALVESTON 8.3 NE, TX US","2023-02-16",,,"0.04",
"US1TXGV0073","GALVESTON 8.3 NE, TX US","2023-02-17",,,"0.00","0.0"
"US1TXGV0073","GALVESTON 8.3 NE, TX US","2023-02-19",,,"0.00","0.0"
"US1TXGV0073","GALVESTON 8.3 NE, TX US","2023-02-20",,,"0.00","0.0"
"US1TXGV0073","GALVESTON 8.3 NE, TX US","2023-02-25",,,"0.01",
"US1TXGV0073","GALVESTON 8.3 NE, TX US","2023-02-27",,,"0.00","0.0"
"US1TXGV0073","GALVESTON 8.3 NE, TX US","2023-03-01",,,"0.01",
"US1TXGV0073","GALVESTON 8.3 NE, TX US","2023-03-03",,,"0.00","0.0"
"US1TXGV0073","GALVESTON 8.3 NE, TX US","2023-03-04",,,"0.00","0.0"
"US1TXGV0073","GALVESTON 8.3 NE, TX US","2023-03-06",,,"0.00","0.0"
"US1TXGV0073","GALVESTON 8.3 NE, TX US","2023-03-07",,,"0.00","0.0"
"US1TXGV0073","GALVESTON 8.3 NE, TX US","2023-03-08",,,"0.01",
"US1TXGV0073","GALVESTON 8.3 NE, TX US","2023-03-10",,,"0.01",
"US1TXGV0073","GALVESTON 8.3 NE, TX US","2023-03-11",,,"0.00","0.0"
"US1TXGV0073","GALVESTON 8.3 NE, TX US","2023-03-14",,,"0.00","0.0"
"US1TXGV0073","GALVESTON 8.3 NE, TX US","2023-03-15",,,"0.00","0.0"
"US1TXGV0073","GALVESTON 8.3 NE, TX US","2023-03-16",,,"0.00","0.0"
"US1TXGV0073","GALVESTON 8.3 NE, TX US","2023-03-20",,,"0.00","0.0"
"US1TXGV0073","GALVESTON 8.3 NE, TX US","2023-03-21",,,"0.00","0.0"
"US1TXGV0073","GALVESTON 8.3 NE, TX US","2023-03-22",,,"0.00","0.0"
"US1TXGV0073","GALVESTON 8.3 NE, TX US","2023-03-24",,,"0.00","0.0"
"US1TXGV0073","GALVESTON 8.3 NE, TX US","2023-03-25",,,"0.06",
"US1TXGV0073","GALVESTON 8.3 NE, TX US","2023-03-26",,,"0.02",
"US1TXGV0073","GALVESTON 8.3 NE, TX US","2023-03-27",,,"0.01",
"US1TXGV0073","GALVESTON 8.3 NE, TX US","2023-03-28",,,"0.65",
"US1TXGV0073","GALVESTON 8.3 NE, TX US","2023-03-29",,,"0.02",
"US1TXGV0073","GALVESTON 8.3 NE, TX US","2023-03-30",,,"0.01",
"US1TXGV0073","GALVESTON 8.3 NE, TX US","2023-04-01",,,"0.00","0.0"
"US1TXGV0073","GALVESTON 8.3 NE, TX US","2023-04-03",,,"0.00","0.0"
"US1TXGV0073","GALVESTON 8.3 NE, TX US","2023-04-05",,,"0.00","0.0"
"US1TXGV0073","GALVESTON 8.3 NE, TX US","2023-04-06",,,"0.05",
"US1TXGV0073","GALVESTON 8.3 NE, TX US","2023-04-14",,,"0.00","0.0"
"US1TXGV0073","GALVESTON 8.3 NE, TX US","2023-04-15",,,"0.00","0.0"
"US1TXGV0073","GALVESTON 8.3 NE, TX US","2023-04-16",,,"0.09",
"US1TXGV0073","GALVESTON 8.3 NE, TX US","2023-04-17",,,"0.01",
"US1TXGV0073","GALVESTON 8.3 NE, TX US","2023-04-18",,,"0.01",
"US1TXGV0073","GALVESTON 8.3 NE, TX US","2023-04-20",,,"0.00","0.0"
"US1TXGV0073","GALVESTON 8.3 NE, TX US","2023-04-21",,,"3.24",
"US1TXGV0073","GALVESTON 8.3 NE, TX US","2023-04-22",,,"0.02",
"US1TXGV0073","GALVESTON 8.3 NE, TX US","2023-04-24",,,"0.25",
"US1TXGV0073","GALVESTON 8.3 NE, TX US","2023-04-25",,,"0.03",
"US1TXGV0073","GALVESTON 8.3 NE, TX US","2023-04-26",,,"0.01",
"US1TXGV0073","GALVESTON 8.3 NE, TX US","2023-04-27",,,"0.63",
"US1TXGV0073","GALVESTON 8.3 NE, TX US","2023-04-29",,,"0.45",
"US1TXGV0073","GALVESTON 8.3 NE, TX US","2023-04-30",,,"0.01",
"US1TXGV0073","GALVESTON 8.3 NE, TX US","2023-05-04",,,"0.00","0.0"
"US1TXGV0073","GALVESTON 8.3 NE, TX US","2023-05-05",,,"0.00","0.0"
"US1TXGV0073","GALVESTON 8.3 NE, TX US","2023-05-06",,,"0.00","0.0"
"US1TXGV0073","GALVESTON 8.3 NE, TX US","2023-05-08",,,"0.02",
"US1TXGV0073","GALVESTON 8.3 NE, TX US","2023-05-10",,,"1.52",
"US1TXGV0073","GALVESTON 8.3 NE, TX US","2023-05-11",,,"0.05",
"US1TXGV0073","GALVESTON 8.3 NE, TX US","2023-05-13",,,"0.00","0.0"
"US1TXGV0073","GALVESTON 8.3 NE, TX US","2023-05-14",,,"1.59",
"US1TXGV0073","GALVESTON 8.3 NE, TX US","2023-05-15",,,"2.16",
"US1TXGV0073","GALVESTON 8.3 NE, TX US","2023-05-16",,,"0.01",
"US1TXGV0073","GALVESTON 8.3 NE, TX US","2023-05-17",,,"0.01",
"US1TXGV0073","GALVESTON 8.3 NE, TX US","2023-05-18",,,"0.29",
"US1TXGV0073","GALVESTON 8.3 NE, TX US","2023-05-19",,,"0.01",
"US1TXGV0073","GALVESTON 8.3 NE, TX US","2023-05-22",,,"0.00","0.0"
"US1TXGV0073","GALVESTON 8.3 NE, TX US","2023-05-23",,,"0.00","0.0"
"US1TXGV0073","GALVESTON 8.3 NE, TX US","2023-05-24",,,"0.00","0.0"
"US1TXGV0073","GALVESTON 8.3 NE, TX US","2023-05-25",,,"0.00","0.0"
"US1TXGV0073","GALVESTON 8.3 NE, TX US","2023-05-26",,,"0.00","0.0"
"US1TXGV0073","GALVESTON 8.3 NE, TX US","2023-06-03",,,"0.00","0.0"
"US1TXGV0073","GALVESTON 8.3 NE, TX US","2023-06-05",,,"0.02",
"US1TXGV0073","GALVESTON 8.3 NE, TX US","2023-06-07",,,"0.00","0.0"
"US1TXGV0073","GALVESTON 8.3 NE, TX US","2023-06-11",,,"0.00","0.0"
"US1TXGV0073","GALVESTON 8.3 NE, TX US","2023-06-13",,,"0.00","0.0"
"US1TXGV0073","GALVESTON 8.3 NE, TX US","2023-06-14",,,"0.00","0.0"
"US1TXGV0073","GALVESTON 8.3 NE, TX US","2023-06-15",,,"0.00","0.0"
"US1TXGV0073","GALVESTON 8.3 NE, TX US","2023-06-19",,,"0.00","0.0"
"US1TXGV0073","GALVESTON 8.3 NE, TX US","2023-06-20",,,"0.00","0.0"
"US1TXGV0073","GALVESTON 8.3 NE, TX US","2023-06-22",,,"0.63",
"US1TXGV0073","GALVESTON 8.3 NE, TX US","2023-06-23",,,"0.00","0.0"
"US1TXGV0073","GALVESTON 8.3 NE, TX US","2023-06-24",,,"0.00","0.0"
"US1TXGV0073","GALVESTON 8.3 NE, TX US","2023-06-25",,,"0.00","0.0"
"US1TXGV0073","GALVESTON 8.3 NE, TX US","2023-06-26",,,"0.00","0.0"
"US1TXGV0073","GALVESTON 8.3 NE, TX US","2023-06-27",,,"0.00","0.0"
"US1TXGV0073","GALVESTON 8.3 NE, TX US","2023-06-28",,,"0.00","0.0"
"US1TXGV0073","GALVESTON 8.3 NE, TX US","2023-06-29",,,"0.00","0.0"
"US1TXGV0073","GALVESTON 8.3 NE, TX US","2023-07-04",,,"0.00","0.0"
"US1TXGV0073","GALVESTON 8.3 NE, TX US","2023-07-06",,,"0.01",
"US1TXGV0073","GALVESTON 8.3 NE, TX US","2023-07-07",,,"1.50",
"US1TXGV0073","GALVESTON 8.3 NE, TX US","2023-07-09",,,"0.00","0.0"
"US1TXGV0073","GALVESTON 8.3 NE, TX US","2023-07-10",,,"0.00","0.0"
"US1TXGV0073","GALVESTON 8.3 NE, TX US","2023-07-19",,,"0.00","0.0"
"US1TXGV0073","GALVESTON 8.3 NE, TX US","2023-07-23",,,"0.42",
"US1TXGV0073","GALVESTON 8.3 NE, TX US","2023-07-25",,,"0.00","0.0"
"US1TXGV0073","GALVESTON 8.3 NE, TX US","2023-07-26",,,"0.55",
"US1TXGV0073","GALVESTON 8.3 NE, TX US","2023-07-27",,,"0.00","0.0"
"US1TXGV0073","GALVESTON 8.3 NE, TX US","2023-08-06",,,"0.00","0.0"
"US1TXGV0073","GALVESTON 8.3 NE, TX US","2023-08-11",,,"0.00","0.0"
"US1TXGV0073","GALVESTON 8.3 NE, TX US","2023-08-12",,,"0.00","0.0"
"US1TXGV0073","GALVESTON 8.3 NE, TX US","2023-08-13",,,"0.00","0.0"
"US1TXGV0073","GALVESTON 8.3 NE, TX US","2023-08-16",,,"0.00","0.0"
"US1TXGV0073","GALVESTON 8.3 NE, TX US","2023-08-17",,,"0.00","0.0"
"US1TXGV0073","GALVESTON 8.3 NE, TX US","2023-08-19",,,"0.00","0.0"
"US1TXGV0073","GALVESTON 8.3 NE, TX US","2023-08-22",,,"0.06",
"US1TXGV0073","GALVESTON 8.3 NE, TX US","2023-08-25",,,"0.00","0.0"
"US1TXGV0073","GALVESTON 8.3 NE, TX US","2023-08-26",,,"0.00","0.0"
"US1TXGV0073","GALVESTON 8.3 NE, TX US","2023-08-29",,,"0.00","0.0"
"US1TXGV0073","GALVESTON 8.3 NE, TX US","2023-08-30",,,"0.00","0.0"
"US1TXGV0073","GALVESTON 8.3 NE, TX US","2023-08-31",,,"0.00","0.0"
"US1TXGV0073","GALVESTON 8.3 NE, TX US","2023-09-01",,,"0.00","0.0"
"US1TXGV0073","GALVESTON 8.3 NE, TX US","2023-09-09",,,"0.02",
"US1TXGV0073","GALVESTON 8.3 NE, TX US","2023-09-14",,,"0.51",
"US1TXGV0073","GALVESTON 8.3 NE, TX US","2023-09-15",,,"0.19",
"US1TXGV0073","GALVESTON 8.3 NE, TX US","2023-09-16",,,"3.61",
"US1TXGV0073","GALVESTON 8.3 NE, TX US","2023-09-20",,,"0.00","0.0"
"US1TXGV0073","GALVESTON 8.3 NE, TX US","2023-09-21",,,"0.00","0.0"
"US1TXGV0073","GALVESTON 8.3 NE, TX US","2023-09-23",,,"0.12",
"US1TXGV0073","GALVESTON 8.3 NE, TX US","2023-09-24",,,"0.00","0.0"
"US1TXGV0073","GALVESTON 8.3 NE, TX US","2023-09-26",,,"0.76",
"US1TXGV0073","GALVESTON 8.3 NE, TX US","2023-09-27",,,"0.00","0.0"
"US1TXGV0073","GALVESTON 8.3 NE, TX US","2023-09-28",,,"0.00","0.0"
"US1TXGV0073","GALVESTON 8.3 NE, TX US","2023-09-29",,,"0.18",
"US1TXGV0073","GALVESTON 8.3 NE, TX US","2023-10-02",,,"0.00","0.0"
"US1TXGV0073","GALVESTON 8.3 NE, TX US","2023-10-03",,,"1.13",
"US1TXGV0073","GALVESTON 8.3 NE, TX US","2023-10-04",,,"0.10",
"US1TXGV0073","GALVESTON 8.3 NE, TX US","2023-10-05",,,"0.51",
